FiscalMonth,Last Year Sales,This Year Sales
Jan,2141097.0699999537,1683280.780000082
Feb,2580786.120000548,2584456.550000631
Mar,2790719.5400005598,3747392.9700002032
Apr,3377630.8300006776,2665971.230000322
May,2607352.4700007057,2754660.740000668
Jun,2918286.040000829,3102896.2300007674
Jul,3234566.0400008303,2329329.5900003333
Aug,3482163.2300003674,3183964.2600003304
