Continent,GDP Per Capita (USD)
Europe,18759.77918353047
Oceania,8207.90857103044
Asia,7004.055688356944
North America,6912.7541315240305
South America,2936.0150142208913
Africa,1318.954940341236
