Safe drinking water services (% of population),target,target
more than 85%,78.37390694039547,531
65% - 85%,73.38614208054216,166
45% - 65%,71.99822598870057,177
25% - 45%,68.5554411764706,102
null,63.30562101924765,8387
less than 25%,56.290771428571425,70
