FiscalMonth,This Year Sales
Jan,41435.21000000003
Feb,175707.8900000007
Mar,350553.3899999973
Apr,315370.7299999963
May,353090.1399999944
Jun,425290.9299999953
Jul,327723.91999999696
Aug,440799.62999999773
