Chain,This Year Sales
Fashions Direct,15658108.360001879
Lindseys,6393843.9900004985
